{
  "pytorch_cpu": [
    48.44938384162055,
    47.566307915581596,
    47.42063416375054
  ],
  "coreml_ane": [
    2.284023496839735,
    2.3109912872314453,
    2.2706720564100475
  ],
  "coreml_gpu": [
    4.391696718004015,
    4.360119501749675,
    4.535675048828125
  ],
  "coreml_cpu": [
    11.314683490329319,
    11.15772459242079,
    11.113723119099935
  ]
}