{
  "pytorch_cpu": [
    44.89962259928385,
    39.80626000298394,
    35.74140866597494
  ],
  "coreml_ane": [
    2.8014183044433594,
    2.273347642686632,
    3.018458684285482
  ],
  "coreml_gpu": [
    4.443115658230251,
    4.388597276475695,
    5.299223793877496
  ],
  "coreml_cpu": [
    11.190970738728842,
    11.696206198798286,
    11.340936024983725
  ]
}